{"_wandb":{"runtime":71},"acc_train":94.375,"_timestamp":1.7399774650911992e+09,"_runtime":63.100281847,"_step":0}